series,date,equity
SPY,2024-11-22,1500.0
SPY,2024-11-25,1505.0881575995236
SPY,2024-11-26,1512.9467958309428
SPY,2024-11-27,1508.3624332993215
SPY,2024-11-29,1517.7326136310744
SPY,2024-12-02,1520.4530442390958
SPY,2024-12-03,1521.1582945755085
SPY,2024-12-04,1530.603942184639
SPY,2024-12-05,1528.0848099485013
SPY,2024-12-06,1530.9817492614093
SPY,2024-12-09,1523.097693776486
SPY,2024-12-10,1518.3623966901087
SPY,2024-12-11,1530.1003040133635
SPY,2024-12-12,1522.216091631814
SPY,2024-12-13,1521.9139087290484
SPY,2024-12-16,1528.4124101047703
SPY,2024-12-17,1522.1153639975587
SPY,2024-12-18,1476.7510578755046
SPY,2024-12-19,1476.2974697281034
SPY,2024-12-20,1494.0292988760448
SPY,2024-12-23,1502.9760152126967
SPY,2024-12-24,1519.6815835262726
SPY,2024-12-26,1519.782938747034
SPY,2024-12-27,1503.784817322643
SPY,2024-12-30,1486.6242487920267
SPY,2024-12-31,1481.2158651776829
SPY,2025-01-02,1477.5764910278665
SPY,2025-01-03,1496.0512257025962
SPY,2025-01-06,1504.6692436065935
SPY,2025-01-07,1487.6602372172397
SPY,2025-01-08,1489.8337261850534
SPY,2025-01-10,1467.0879515419538
SPY,2025-01-13,1469.3626388339026
SPY,2025-01-14,1471.3842518672006
SPY,2025-01-15,1498.148776703152
SPY,2025-01-16,1495.2676839495275
SPY,2025-01-17,1510.2800238692066
SPY,2025-01-21,1524.1043425325313
SPY,2025-01-22,1532.6721535160273
SPY,2025-01-23,1541.037410954627
SPY,2025-01-24,1536.5388708777373
SPY,2025-01-27,1514.8038243029737
SPY,2025-01-28,1527.8196546496054
SPY,2025-01-29,1520.9706462101358
SPY,2025-01-30,1529.133820793719
SPY,2025-01-31,1520.9957496703864
SPY,2025-02-03,1510.7602844431242
SPY,2025-02-04,1520.894708242878
SPY,2025-02-05,1527.0613732534136
SPY,2025-02-06,1532.3690292335025
SPY,2025-02-07,1518.3421570252817
SPY,2025-02-10,1528.6535602198019
SPY,2025-02-11,1529.816164222653
SPY,2025-02-12,1524.8878842855997
SPY,2025-02-13,1540.986890240873
SPY,2025-02-14,1540.9111091702418
SPY,2025-02-18,1545.4350665006352
SPY,2025-02-19,1549.074283753825
SPY,2025-02-20,1542.6297548176417
SPY,2025-02-21,1516.2442922314726
SPY,2025-02-24,1509.3449199748757
SPY,2025-02-25,1501.8388284633493
SPY,2025-02-26,1502.5969529629144
SPY,2025-02-27,1478.6123225564527
SPY,2025-02-28,1501.6871094254604
SPY,2025-03-03,1475.377584806549
SPY,2025-03-04,1457.9137350967817
SPY,2025-03-05,1473.583158088518
SPY,2025-03-06,1447.4255094041223
SPY,2025-03-07,1455.5380063773248
SPY,2025-03-10,1416.7688499529572
SPY,2025-03-11,1404.9912477831813
SPY,2025-03-12,1412.4469754775803
SPY,2025-03-13,1393.6185958065714
SPY,2025-03-14,1422.4047336758213
SPY,2025-03-17,1433.3736906322777
SPY,2025-03-18,1417.8809332420544
SPY,2025-03-19,1433.323013021897
SPY,2025-03-20,1429.1779610446597
SPY,2025-03-21,1429.649592304116
SPY,2025-03-24,1455.2524545169754
SPY,2025-03-25,1458.7506217028827
SPY,2025-03-26,1441.3357237406037
SPY,2025-03-27,1437.507916742282
SPY,2025-03-28,1408.5587632780307
SPY,2025-03-31,1418.0141384780086
SPY,2025-04-01,1422.0193955609761
SPY,2025-04-02,1431.0183584742745
SPY,2025-04-03,1360.4966196621808
SPY,2025-04-04,1280.84930235915
SPY,2025-04-07,1278.567790063946
SPY,2025-04-08,1258.541896890675
SPY,2025-04-09,1390.713184075829
SPY,2025-04-10,1329.7734360413517
SPY,2025-04-11,1353.500285290366
SPY,2025-04-14,1366.6312777608969
SPY,2025-04-15,1362.8034707625752
SPY,2025-04-16,1332.5109683816688
SPY,2025-04-17,1334.4120848057646
SPY,2025-04-21,1302.6495394822516
SPY,2025-04-22,1336.5416427181399
SPY,2025-04-23,1357.2519974248032
SPY,2025-04-24,1385.820676569633
SPY,2025-04-25,1395.833662380425
SPY,2025-04-28,1396.3660126343623
SPY,2025-04-29,1405.1621082095114
SPY,2025-04-30,1405.7198757169522
SPY,2025-05-01,1415.6818701241104
SPY,2025-05-02,1436.6966042863112
SPY,2025-05-05,1428.458276218603
SPY,2025-05-06,1416.5187567302116
SPY,2025-05-07,1422.475650951029
SPY,2025-05-08,1432.3872815410596
SPY,2025-05-09,1430.5621030842217
SPY,2025-05-12,1477.8386652908575
SPY,2025-05-13,1487.5984199463728
SPY,2025-05-14,1489.4993794738418
SPY,2025-05-15,1496.7745191510637
SPY,2025-05-16,1506.2551547079186
SPY,2025-05-19,1507.9027261834844
SPY,2025-05-20,1502.832925489269
SPY,2025-05-21,1477.5090254784432
SPY,2025-05-22,1478.0923671360142
SPY,2025-05-23,1468.0031295647113
SPY,2025-05-27,1498.5236027440174
SPY,2025-05-28,1489.8541227465068
SPY,2025-05-29,1495.7353927933195
SPY,2025-05-30,1494.0619333743705
SPY,2025-06-02,1502.4781822166042
SPY,2025-06-03,1511.0463069933533
SPY,2025-06-04,1510.640415420428
SPY,2025-06-05,1503.3398584897027
SPY,2025-06-06,1518.777702060628
SPY,2025-06-09,1520.1464682307867
SPY,2025-06-10,1528.765427514543
SPY,2025-06-11,1524.4049564690308
SPY,2025-06-12,1530.4638334971162
SPY,2025-06-13,1513.3528443004946
SPY,2025-06-16,1527.7514046170493
SPY,2025-06-17,1514.6966639070292
SPY,2025-06-18,1514.4683793153763
SPY,2025-06-20,1510.9115327911336
SPY,2025-06-23,1525.8355399100565
SPY,2025-06-24,1542.691728985135
SPY,2025-06-25,1543.5562293975117
SPY,2025-06-26,1555.632719640895
SPY,2025-06-27,1563.3616043621446
SPY,2025-06-30,1570.8363165483577
SPY,2025-07-01,1570.3279714782852
SPY,2025-07-02,1577.4468421154477
SPY,2025-07-03,1589.879173907882
SPY,2025-07-07,1578.031595842658
SPY,2025-07-08,1577.1670954302813
SPY,2025-07-09,1586.624980976284
SPY,2025-07-10,1591.0996727659358
SPY,2025-07-11,1585.5061511322444
SPY,2025-07-14,1588.5317456789362
SPY,2025-07-15,1581.743613130574
SPY,2025-07-16,1587.0316570323423
SPY,2025-07-17,1596.7435582167548
SPY,2025-07-18,1595.5743645555876
SPY,2025-07-21,1598.5994884123995
SPY,2025-07-22,1598.8284005905587
SPY,2025-07-23,1612.4303967340397
SPY,2025-07-24,1612.9643159542427
SPY,2025-07-25,1619.778022652735
SPY,2025-07-28,1619.37118970005
SPY,2025-07-29,1615.1001497316806
SPY,2025-07-30,1613.0659849682572
SPY,2025-07-31,1607.0149527715005
SPY,2025-08-01,1580.6754608969152
SPY,2025-08-04,1604.7013551161638
SPY,2025-08-05,1596.5656374422294
SPY,2025-08-06,1608.7949449998875
SPY,2025-08-07,1607.4473598743155
SPY,2025-08-08,1619.981360680764
SPY,2025-08-11,1616.777845359547
SPY,2025-08-12,1633.9901897769296
SPY,2025-08-13,1639.5835545139944
SPY,2025-08-14,1639.7360580350162
SPY,2025-08-15,1635.8971113762082
SPY,2025-08-18,1635.5411129305307
SPY,2025-08-19,1626.6679811117383
SPY,2025-08-20,1622.345792843108
SPY,2025-08-21,1615.8374069799124
SPY,2025-08-22,1640.6512360577735
SPY,2025-08-25,1633.4310101998497
SPY,2025-08-26,1640.2698203585926
SPY,2025-08-27,1644.007411796639
SPY,2025-08-28,1649.8295318152364
SPY,2025-08-29,1639.9903874666793
SPY,2025-09-02,1627.8374885661583
SPY,2025-09-03,1636.659785877944
SPY,2025-09-04,1650.3380337819356
SPY,2025-09-05,1645.5581780536136
SPY,2025-09-08,1649.6007765337038
SPY,2025-09-09,1653.4144628356346
SPY,2025-09-10,1658.1941616673298
SPY,2025-09-11,1671.9740785853362
SPY,2025-09-12,1671.4145852150032
SPY,2025-09-15,1680.3129773906733
SPY,2025-09-16,1677.9995366319629
SPY,2025-09-17,1675.9146942581588
SPY,2025-09-18,1683.7454048900495
SPY,2025-09-19,1692.0847743852657
SPY,2025-09-22,1700.090110962524
SPY,2025-09-23,1690.8355634445502
SPY,2025-09-24,1685.4560488094944
SPY,2025-09-25,1677.680251996902
SPY,2025-09-26,1687.2915824436861
SPY,2025-09-29,1692.033782981632
SPY,2025-09-30,1698.4072377459813
SPY,2025-10-01,1704.1946836101079
SPY,2025-10-02,1706.1576173050703
SPY,2025-10-03,1706.1325138448199
SPY,2025-10-06,1712.251011591
SPY,2025-10-07,1705.9029740801545
SPY,2025-10-08,1716.0752099669105
SPY,2025-10-09,1711.103783457552
SPY,2025-10-10,1664.8563062245596
SPY,2025-10-13,1690.4020580653496
SPY,2025-10-14,1688.3369846664925
SPY,2025-10-15,1695.8324072074126
SPY,2025-10-16,1684.283403422543
SPY,2025-10-17,1693.84389936232
SPY,2025-10-20,1711.4607232829885
SPY,2025-10-21,1711.4351491328587
SPY,2025-10-22,1702.537384543695
SPY,2025-10-23,1712.6335255665667
SPY,2025-10-24,1726.6301167258603
SPY,2025-10-27,1747.0003195461293
SPY,2025-10-28,1751.6403803801816
SPY,2025-10-29,1752.4816600918264
SPY,2025-10-30,1733.207850897998
SPY,2025-10-31,1738.8931570582301
SPY,2025-11-03,1742.1564499941687
SPY,2025-11-04,1721.5055591089738
SPY,2025-11-05,1727.4713964375053
SPY,2025-11-06,1708.9368841480539
SPY,2025-11-07,1710.6192866747172
SPY,2025-11-10,1737.3122666489548
SPY,2025-11-11,1741.2895961323936
SPY,2025-11-12,1742.2582759048098
SPY,2025-11-13,1713.3474052174404
SPY,2025-11-14,1713.0667171525145
SPY,2025-11-17,1697.1071922982583
SPY,2025-11-18,1682.855644120796
SPY,2025-11-19,1689.3568127391693
SPY,2025-11-20,1663.6072521804708
SPY,2025-11-21,1680.1786738783328
SPY,2025-11-24,1704.9085632609813
SPY,2025-11-25,1720.9448105656281
SPY,2025-11-26,1732.8253369224308
SPY,2025-11-28,1742.28385005494
SPY,2025-12-01,1734.3295048813156
SPY,2025-12-02,1737.5418064136204
SPY,2025-12-03,1743.5586351457855
SPY,2025-12-04,1744.8334202366314
SPY,2025-12-05,1748.1475476795772
SPY,2025-12-08,1742.895746898546
SPY,2025-12-09,1741.3915789396613
SPY,2025-12-10,1752.9405827245307
SPY,2025-12-11,1757.0197381186106
SPY,2025-12-12,1738.1282860037227
SPY,2025-12-15,1735.5023071648934
SPY,2025-12-16,1730.760263523574
SPY,2025-12-17,1711.7156803011578
SPY,2025-12-18,1724.6412950875144
SPY,2025-12-19,1740.2725921989952
SPY,2025-12-22,1751.1141490946802
SPY,2025-12-23,1759.11760291242
SPY,2025-12-24,1765.3056058641682
SPY,2025-12-26,1765.126586813257
SPY,2025-12-29,1758.8362872609875
SPY,2025-12-30,1756.6883724433042
SPY,2025-12-31,1743.6733265798052
SPY,2026-01-02,1746.8694677595738
SPY,2026-01-05,1758.5039802059216
SPY,2026-01-06,1768.9620817462805
SPY,2026-01-07,1763.2599876470058
SPY,2026-01-08,1763.0809685960942
SPY,2026-01-09,1774.7408982959455
SPY,2026-01-12,1777.5280099702577
SPY,2026-01-13,1773.973830688666
SPY,2026-01-14,1765.2543006672813
SPY,2026-01-15,1770.0616133052524
SPY,2026-01-16,1768.5784694943275
SPY,2026-01-20,1732.5758712861914
SPY,2026-01-21,1752.5717187554749
SPY,2026-01-22,1761.725852432447
SPY,2026-01-23,1762.3648923924486
SPY,2026-01-26,1771.3145897650056
SPY,2026-01-27,1778.3718000279275
SPY,2026-01-28,1778.1927809770164
SPY,2026-01-29,1774.664175845555
SPY,2026-01-30,1769.3712681483635
SPY,2026-02-02,1778.167206826886
SPY,2026-02-03,1763.1321168963548
SPY,2026-02-04,1754.5917628225075
SPY,2026-02-05,1732.6781678867121
SPY,2026-02-06,1765.9192285706665
SPY,2026-02-09,1774.4340084943833
SPY,2026-02-10,1769.7547235036898
SPY,2026-02-11,1769.3456939982334
SPY,2026-02-12,1742.0113206145954
SPY,2026-02-13,1743.238566027592
SPY,2026-02-17,1746.0512518520338
SPY,2026-02-18,1754.8473474271827
SPY,2026-02-19,1750.2192107367498
SPY,2026-02-20,1762.876532291679
SPY,2026-02-23,1744.8751547392978
SPY,2026-02-24,1757.5577366511043
SPY,2026-02-25,1772.3885471738472
SPY,2026-02-26,1762.5439114433602
SPY,2026-02-27,1754.0802798199034
SPY,2026-03-02,1755.0775147783545
SPY,2026-03-03,1739.6078211922365
SPY,2026-03-04,1751.8813735985864
SPY,2026-03-05,1742.1134603184898
SPY,2026-03-06,1719.2793528746338
SPY,2026-03-09,1734.340173851922
SPY,2026-03-10,1731.55306217761
SPY,2026-03-11,1729.379730106423
SPY,2026-03-12,1703.1191572350003
SPY,2026-03-13,1693.4792716021811
SPY,2026-03-16,1710.7135815472832
SPY,2026-03-17,1715.2136905904385
SPY,2026-03-18,1691.2802084842374
SPY,2026-03-19,1687.1122495995214
SPY,2026-03-20,1662.926320821176
SPY,2026-03-23,1680.3870325984124
SPY,2026-03-24,1674.7462850801244
SPY,2026-03-25,1684.0791240147546
SPY,2026-03-26,1654.0036096683887
SPY,2026-03-27,1625.799715180324
SPY,2026-03-30,1620.3640315529576
SPY,2026-03-31,1667.464555744587
SPY,2026-04-01,1680.02805311683
SPY,2026-04-02,1681.5408503901758
SPY,2026-04-06,1689.4892334919907
SPY,2026-04-07,1690.2326097086586
SPY,2026-04-08,1733.2822198989902
SPY,2026-04-09,1743.281555703271
SPY,2026-04-10,1742.1278948081338
SPY,2026-04-13,1759.1527477567706
SPY,2026-04-14,1780.5878079815407
SPY,2026-04-15,1794.6383715803727
SPY,2026-04-16,1799.0484219598795
SPY,2026-04-17,1820.791156469345
SPY,2026-04-20,1817.150056456636
SPY,2026-04-21,1805.2533697472973
SPY,2026-04-22,1823.5346508814714
SPY,2026-04-23,1816.4579854368553
SPY,2026-04-24,1830.534280082444
SPY,2026-04-27,1833.6879022764133
SPY,2026-04-28,1824.7651911236255
SPY,2026-04-29,1824.4832478856872
SPY,2026-04-30,1842.636187579331
SPY,2026-05-01,1847.7386227718716
SPY,2026-05-04,1840.9696316119507
SPY,2026-05-05,1855.7383110705737
SPY,2026-05-06,1881.531959581337
SPY,2026-05-07,1875.7630275191455
SPY,2026-05-08,1891.249509044306
SPY,2026-05-11,1895.5569490300388
SPY,2026-05-12,1892.685270074008
SPY,2026-05-13,1903.2745371941758
SPY,2026-05-14,1918.2995857406072
SPY,2026-05-15,1895.2237005952136
SPY,2026-05-18,1893.8903930626586
SPY,2026-05-19,1881.2755904935289
SPY,2026-05-20,1900.556773828806
SPY,2026-05-21,1904.3257445921656
SPY,2026-05-22,1911.812694715251
SPY,2026-05-26,1924.5045335280245
SPY,2026-05-27,1924.1711281965725
SPY,2026-05-28,1934.7859694668705
SPY,2026-05-29,1939.6063045248463
SPY,2026-06-01,1944.8880725615518
SPY,2026-06-02,1947.5291134765312
SPY,2026-06-03,1933.862946612785
SPY,2026-06-04,1941.1704069950792
SPY,2026-06-05,1891.0700193035148
SPY,2026-06-08,1895.3517282424912
SPY,2026-06-09,1889.7880169678472
SPY,2026-06-10,1859.9944458594196
SPY,2026-06-11,1891.6084885258883
SPY,2026-06-12,1901.8387761644738
SPY,2026-06-15,1935.3757438861305
SPY,2026-06-16,1923.8378797617472
SPY,2026-06-17,1899.8132407155113
SPY,2026-06-18,1919.565584620365
SPY,2026-06-22,1913.5247507043352
SPY,2026-06-23,1885.7366322766695
SPY,2026-06-24,1884.8625611700722
SPY,2026-06-25,1887.5873848836377
SPY,2026-06-26,1873.937535269054
SPY,2026-06-29,1904.8103982716268
SPY,2026-06-30,1919.6427777606355
SPY,2026-07-01,1917.0464523842272
SPY,2026-07-02,1914.5273201480895
SPY,2026-07-06,1931.236183290823
SPY,2026-07-07,1922.0591427063728
SPY,2026-07-08,1916.121076080743
SPY,2026-07-09,1932.3415200249779
SPY,2026-07-10,1940.6702205495878
SPY,2026-07-13,1925.8121100138226
SPY,2026-07-14,1932.649978792806
SPY,2026-07-15,1940.3102996882465
SPY,2026-07-16,1929.7964998454568
SPY,2026-07-17,1910.6970028037429
SPY,2026-07-20,1907.6124151254623
SPY,2026-07-21,1923.524400301869
SPY,2026-07-22,1921.287838890176
SPY,2026-07-23,1897.561303434415
SPY,2026-07-24,1899.4892491816533
SPY,2026-07-27,1899.9006321365084
SPY,2026-07-28,1904.450477410285
SPY,2026-07-29,1875.145796190236
SPY,2026-07-30,1906.5841146349512
SPY,2026-07-31,1920.311157389805
SPY,2026-08-03,1947.6621618158588
SPY,2026-08-04,1982.7765682210068
SPY,2026-08-05,1978.8177525395026
SPY,2026-08-06,1975.655971720952
SPY,2026-08-07,1987.7377964496386
SPY,2026-08-10,1987.1466099607394
SPY,2026-08-11,1980.7971603802546
SPY,2026-08-12,1985.7583886088867
SPY,2026-08-13,1999.6139297008974
SPY,2026-08-14,1995.65527091602
SPY,2026-08-17,1986.2210767606284
SPY,2026-08-18,1972.8026496702294
SPY,2026-08-19,1976.9412688857778
SPY,2026-08-20,1960.3351730334448
SPY,2026-08-21,1968.3554147902266
SPY,2026-08-24,1962.571577548511
SPY,2026-08-25,1968.8438339887255
SPY,2026-08-26,1969.2809479903374
SPY,2026-08-27,1982.1852248354805
SPY,2026-08-28,1977.686684758591
GATE_BUYHOLD,2024-11-22,1500.0
GATE_BUYHOLD,2024-11-25,1475.828349814375
GATE_BUYHOLD,2024-11-26,1471.9269736556355
GATE_BUYHOLD,2024-11-27,1475.1244187316026
GATE_BUYHOLD,2024-11-29,1493.7648125570925
GATE_BUYHOLD,2024-12-02,1495.0517681611932
GATE_BUYHOLD,2024-12-03,1506.7012423713038
GATE_BUYHOLD,2024-12-04,1527.4189764606272
GATE_BUYHOLD,2024-12-05,1524.8806688983123
GATE_BUYHOLD,2024-12-06,1555.101230263548
GATE_BUYHOLD,2024-12-09,1525.865959864967
GATE_BUYHOLD,2024-12-10,1513.6666362863152
GATE_BUYHOLD,2024-12-11,1548.823302357914
GATE_BUYHOLD,2024-12-12,1532.1375177423236
GATE_BUYHOLD,2024-12-13,1569.7253035485278
GATE_BUYHOLD,2024-12-16,1596.9489258063952
GATE_BUYHOLD,2024-12-17,1585.3408252637773
GATE_BUYHOLD,2024-12-18,1521.6761081224295
GATE_BUYHOLD,2024-12-19,1509.531941172969
GATE_BUYHOLD,2024-12-20,1531.4364450428386
GATE_BUYHOLD,2024-12-23,1541.814492945514
GATE_BUYHOLD,2024-12-24,1575.953742075325
GATE_BUYHOLD,2024-12-26,1573.6351123650581
GATE_BUYHOLD,2024-12-27,1543.1430975412545
GATE_BUYHOLD,2024-12-30,1518.2126213472486
GATE_BUYHOLD,2024-12-31,1500.007591521045
GATE_BUYHOLD,2025-01-02,1515.0462442831747
GATE_BUYHOLD,2025-01-03,1564.5779366896572
GATE_BUYHOLD,2025-01-06,1580.3550909443725
GATE_BUYHOLD,2025-01-07,1537.0394984256507
GATE_BUYHOLD,2025-01-08,1528.1568931173213
GATE_BUYHOLD,2025-01-10,1528.9848673596496
GATE_BUYHOLD,2025-01-13,1518.8385679639555
GATE_BUYHOLD,2025-01-14,1516.158594578113
GATE_BUYHOLD,2025-01-15,1554.2666355448755
GATE_BUYHOLD,2025-01-16,1553.934681081312
GATE_BUYHOLD,2025-01-17,1575.3334705458042
GATE_BUYHOLD,2025-01-21,1604.0577851746675
GATE_BUYHOLD,2025-01-22,1608.8408973386538
GATE_BUYHOLD,2025-01-23,1604.4186654456141
GATE_BUYHOLD,2025-01-24,1604.8307883447815
GATE_BUYHOLD,2025-01-27,1517.4560853814573
GATE_BUYHOLD,2025-01-28,1538.7767598256007
GATE_BUYHOLD,2025-01-29,1528.6577478876638
GATE_BUYHOLD,2025-01-30,1562.6859874975116
GATE_BUYHOLD,2025-01-31,1562.9715098303816
GATE_BUYHOLD,2025-02-03,1562.050660419895
GATE_BUYHOLD,2025-02-04,1605.9372641982116
GATE_BUYHOLD,2025-02-05,1617.0779789309709
GATE_BUYHOLD,2025-02-06,1641.6104816976967
GATE_BUYHOLD,2025-02-07,1627.8608210230338
GATE_BUYHOLD,2025-02-10,1668.5355030186906
GATE_BUYHOLD,2025-02-11,1641.2178429103596
GATE_BUYHOLD,2025-02-12,1647.7575265592002
GATE_BUYHOLD,2025-02-13,1667.9445411387387
GATE_BUYHOLD,2025-02-14,1676.556643767447
GATE_BUYHOLD,2025-02-18,1678.1837587882567
GATE_BUYHOLD,2025-02-19,1664.8102066498325
GATE_BUYHOLD,2025-02-20,1650.9088233845487
GATE_BUYHOLD,2025-02-21,1595.033427386593
GATE_BUYHOLD,2025-02-24,1556.4061416352467
GATE_BUYHOLD,2025-02-25,1516.9806685975109
GATE_BUYHOLD,2025-02-26,1536.4619842365057
GATE_BUYHOLD,2025-02-27,1482.8592640835031
GATE_BUYHOLD,2025-02-28,1506.944276630552
GATE_BUYHOLD,2025-03-03,1472.840269144719
GATE_BUYHOLD,2025-03-04,1484.2957674345266
GATE_BUYHOLD,2025-03-05,1534.767385648956
GATE_BUYHOLD,2025-03-06,1478.232217466394
GATE_BUYHOLD,2025-03-07,1490.6058178861615
GATE_BUYHOLD,2025-03-10,1402.7077337574342
GATE_BUYHOLD,2025-03-11,1419.5779146766863
GATE_BUYHOLD,2025-03-12,1441.298762962372
GATE_BUYHOLD,2025-03-13,1414.691878453237
GATE_BUYHOLD,2025-03-14,1463.7021765255035
GATE_BUYHOLD,2025-03-17,1465.9109384587618
GATE_BUYHOLD,2025-03-18,1433.1081866162112
GATE_BUYHOLD,2025-03-19,1457.3113937104602
GATE_BUYHOLD,2025-03-20,1453.822007975491
GATE_BUYHOLD,2025-03-21,1460.4597717207578
GATE_BUYHOLD,2025-03-24,1515.7614915811778
GATE_BUYHOLD,2025-03-25,1511.5779033379035
GATE_BUYHOLD,2025-03-26,1471.4020926490969
GATE_BUYHOLD,2025-03-27,1451.6936874116393
GATE_BUYHOLD,2025-03-28,1415.497011167825
GATE_BUYHOLD,2025-03-31,1411.5304516114718
GATE_BUYHOLD,2025-04-01,1422.1368022209426
GATE_BUYHOLD,2025-04-02,1444.166666001996
GATE_BUYHOLD,2025-04-03,1364.7845299025016
GATE_BUYHOLD,2025-04-04,1292.9673101904148
GATE_BUYHOLD,2025-04-07,1296.4074237363964
GATE_BUYHOLD,2025-04-08,1275.604111383912
GATE_BUYHOLD,2025-04-09,1429.4037781888562
GATE_BUYHOLD,2025-04-10,1375.8352887888275
GATE_BUYHOLD,2025-04-11,1406.4855654281496
GATE_BUYHOLD,2025-04-14,1416.2119953152637
GATE_BUYHOLD,2025-04-15,1424.1666105807008
GATE_BUYHOLD,2025-04-16,1398.1092632086334
GATE_BUYHOLD,2025-04-17,1413.8956811617993
GATE_BUYHOLD,2025-04-21,1382.108663108135
GATE_BUYHOLD,2025-04-22,1415.0687633264995
GATE_BUYHOLD,2025-04-23,1446.943961477509
GATE_BUYHOLD,2025-04-24,1492.4090455603584
GATE_BUYHOLD,2025-04-25,1523.0162343831394
GATE_BUYHOLD,2025-04-28,1527.76069411612
GATE_BUYHOLD,2025-04-29,1530.9947276533196
GATE_BUYHOLD,2025-04-30,1527.6168740046721
GATE_BUYHOLD,2025-05-01,1523.9703800890761
GATE_BUYHOLD,2025-05-02,1570.283135241638
GATE_BUYHOLD,2025-05-05,1557.4295133234232
GATE_BUYHOLD,2025-05-06,1535.8341893113036
GATE_BUYHOLD,2025-05-07,1543.7605887107795
GATE_BUYHOLD,2025-05-08,1566.1114937485754
GATE_BUYHOLD,2025-05-09,1567.5072917338357
GATE_BUYHOLD,2025-05-12,1607.7050548088625
GATE_BUYHOLD,2025-05-13,1649.4836078740868
GATE_BUYHOLD,2025-05-14,1649.5593192809094
GATE_BUYHOLD,2025-05-15,1642.1543373752443
GATE_BUYHOLD,2025-05-16,1653.6837449826578
GATE_BUYHOLD,2025-05-19,1648.0591084796918
GATE_BUYHOLD,2025-05-20,1651.3633454216188
GATE_BUYHOLD,2025-05-21,1623.0078929802032
GATE_BUYHOLD,2025-05-22,1629.3235631079106
GATE_BUYHOLD,2025-05-23,1621.3695241735
GATE_BUYHOLD,2025-05-27,1648.4069657245784
GATE_BUYHOLD,2025-05-28,1641.0181855058952
GATE_BUYHOLD,2025-05-29,1639.5667977278677
GATE_BUYHOLD,2025-05-30,1647.3368992467936
GATE_BUYHOLD,2025-06-02,1674.2850581007328
GATE_BUYHOLD,2025-06-03,1698.029431820622
GATE_BUYHOLD,2025-06-04,1708.3887483805559
GATE_BUYHOLD,2025-06-05,1679.0235696380023
GATE_BUYHOLD,2025-06-06,1696.2794585278148
GATE_BUYHOLD,2025-06-09,1726.72027419535
GATE_BUYHOLD,2025-06-10,1740.7321379963676
GATE_BUYHOLD,2025-06-11,1749.8780084227672
GATE_BUYHOLD,2025-06-12,1755.7578763915885
GATE_BUYHOLD,2025-06-13,1764.3519536470226
GATE_BUYHOLD,2025-06-16,1790.5933390198422
GATE_BUYHOLD,2025-06-17,1771.6813526186047
GATE_BUYHOLD,2025-06-18,1790.6009817672318
GATE_BUYHOLD,2025-06-20,1789.2100075844978
GATE_BUYHOLD,2025-06-23,1816.9798362201013
GATE_BUYHOLD,2025-06-24,1843.439085308064
GATE_BUYHOLD,2025-06-25,1838.3397430788025
GATE_BUYHOLD,2025-06-26,1851.312805851008
GATE_BUYHOLD,2025-06-27,1828.074110828134
GATE_BUYHOLD,2025-06-30,1837.1044762649406
GATE_BUYHOLD,2025-07-01,1795.3233574923206
GATE_BUYHOLD,2025-07-02,1823.178406003883
GATE_BUYHOLD,2025-07-03,1833.841154728733
GATE_BUYHOLD,2025-07-07,1831.3800003311692
GATE_BUYHOLD,2025-07-08,1829.7706985749003
GATE_BUYHOLD,2025-07-09,1842.943182448595
GATE_BUYHOLD,2025-07-10,1849.607395129525
GATE_BUYHOLD,2025-07-11,1864.1939146987015
GATE_BUYHOLD,2025-07-14,1887.6266388081085
GATE_BUYHOLD,2025-07-15,1891.0250367177878
GATE_BUYHOLD,2025-07-16,1906.18280188922
GATE_BUYHOLD,2025-07-17,1926.7190935692722
GATE_BUYHOLD,2025-07-18,1927.8484775169552
GATE_BUYHOLD,2025-07-21,1922.863083085407
GATE_BUYHOLD,2025-07-22,1908.1318281217261
GATE_BUYHOLD,2025-07-23,1933.749059032301
GATE_BUYHOLD,2025-07-24,1936.9608300215289
GATE_BUYHOLD,2025-07-25,1917.4670379157892
GATE_BUYHOLD,2025-07-28,1929.016558753233
GATE_BUYHOLD,2025-07-29,1916.9391884508739
GATE_BUYHOLD,2025-07-30,1931.5162194585243
GATE_BUYHOLD,2025-07-31,1926.0349854093108
GATE_BUYHOLD,2025-08-01,1898.1719775160718
GATE_BUYHOLD,2025-08-04,1931.9276564123945
GATE_BUYHOLD,2025-08-05,1938.5080412962893
GATE_BUYHOLD,2025-08-06,1954.1138566695724
GATE_BUYHOLD,2025-08-07,1941.3707271031083
GATE_BUYHOLD,2025-08-08,1943.5397634596725
GATE_BUYHOLD,2025-08-11,1937.8240981283088
GATE_BUYHOLD,2025-08-12,1976.7064879710065
GATE_BUYHOLD,2025-08-13,1972.2227222352624
GATE_BUYHOLD,2025-08-14,1955.6883181336532
GATE_BUYHOLD,2025-08-15,1937.4997225161035
GATE_BUYHOLD,2025-08-18,1933.1366223368702
GATE_BUYHOLD,2025-08-19,1870.5586940320218
GATE_BUYHOLD,2025-08-20,1870.77478317406
GATE_BUYHOLD,2025-08-21,1857.272123487911
GATE_BUYHOLD,2025-08-22,1894.4714721953585
GATE_BUYHOLD,2025-08-25,1894.7455601325216
GATE_BUYHOLD,2025-08-26,1917.250875269603
GATE_BUYHOLD,2025-08-27,1902.6907062416606
GATE_BUYHOLD,2025-08-28,1913.8864411008992
GATE_BUYHOLD,2025-08-29,1885.9472005428042
GATE_BUYHOLD,2025-09-02,1887.9952017277092
GATE_BUYHOLD,2025-09-03,1876.1609697333197
GATE_BUYHOLD,2025-09-04,1873.015288608246
GATE_BUYHOLD,2025-09-05,1890.2692942669307
GATE_BUYHOLD,2025-09-08,1898.431345249254
GATE_BUYHOLD,2025-09-09,1895.5355269239615
GATE_BUYHOLD,2025-09-10,1937.5957705270039
GATE_BUYHOLD,2025-09-11,1937.5597631768185
GATE_BUYHOLD,2025-09-12,1964.6680238664883
GATE_BUYHOLD,2025-09-15,1983.6612848000836
GATE_BUYHOLD,2025-09-16,1987.0314852528254
GATE_BUYHOLD,2025-09-17,1972.47974401915
GATE_BUYHOLD,2025-09-18,1996.5435316205212
GATE_BUYHOLD,2025-09-19,2014.3072965400745
GATE_BUYHOLD,2025-09-22,2030.7469371785264
GATE_BUYHOLD,2025-09-23,2042.0130746404884
GATE_BUYHOLD,2025-09-24,2039.392075814015
GATE_BUYHOLD,2025-09-25,2000.074515632155
GATE_BUYHOLD,2025-09-26,2007.7268681474372
GATE_BUYHOLD,2025-09-29,2012.2303679210995
GATE_BUYHOLD,2025-09-30,2026.2628523281394
GATE_BUYHOLD,2025-10-01,2079.8396513330053
GATE_BUYHOLD,2025-10-02,2121.837053922446
GATE_BUYHOLD,2025-10-03,2108.3756808132184
GATE_BUYHOLD,2025-10-06,2152.1085866701305
GATE_BUYHOLD,2025-10-07,2143.5994846324893
GATE_BUYHOLD,2025-10-08,2192.122735971272
GATE_BUYHOLD,2025-10-09,2210.829314725108
GATE_BUYHOLD,2025-10-10,2122.6310807858695
GATE_BUYHOLD,2025-10-13,2202.210154592763
GATE_BUYHOLD,2025-10-14,2198.3769836626316
GATE_BUYHOLD,2025-10-15,2219.5426496255895
GATE_BUYHOLD,2025-10-16,2187.487981530062
GATE_BUYHOLD,2025-10-17,2159.5496874147416
GATE_BUYHOLD,2025-10-20,2176.9783399190746
GATE_BUYHOLD,2025-10-21,2139.03261770153
GATE_BUYHOLD,2025-10-22,2093.9057656598484
GATE_BUYHOLD,2025-10-23,2122.0625536804378
GATE_BUYHOLD,2025-10-24,2148.3794789921926
GATE_BUYHOLD,2025-10-27,2194.048560578876
GATE_BUYHOLD,2025-10-28,2190.3655000328454
GATE_BUYHOLD,2025-10-29,2223.297447903074
GATE_BUYHOLD,2025-10-30,2167.5950209379234
GATE_BUYHOLD,2025-10-31,2194.1538171270913
GATE_BUYHOLD,2025-11-03,2174.4374056313686
GATE_BUYHOLD,2025-11-04,2107.6622740767125
GATE_BUYHOLD,2025-11-05,2122.9358877790983
GATE_BUYHOLD,2025-11-06,2060.6200032709507
GATE_BUYHOLD,2025-11-07,2075.8855597811676
GATE_BUYHOLD,2025-11-10,2125.7165723950484
GATE_BUYHOLD,2025-11-11,2103.400258510026
GATE_BUYHOLD,2025-11-12,2079.1133881935725
GATE_BUYHOLD,2025-11-13,2013.8515857193304
GATE_BUYHOLD,2025-11-14,2017.983297318597
GATE_BUYHOLD,2025-11-17,1987.4676109862157
GATE_BUYHOLD,2025-11-18,1982.2996632270967
GATE_BUYHOLD,2025-11-19,1985.2868401330354
GATE_BUYHOLD,2025-11-20,1923.4561243017438
GATE_BUYHOLD,2025-11-21,1914.2648483276923
GATE_BUYHOLD,2025-11-24,1988.7121269236839
GATE_BUYHOLD,2025-11-25,1999.765926320932
GATE_BUYHOLD,2025-11-26,2026.5348353335246
GATE_BUYHOLD,2025-11-28,2043.76098232733
GATE_BUYHOLD,2025-12-01,2009.1227245519158
GATE_BUYHOLD,2025-12-02,2035.896457202305
GATE_BUYHOLD,2025-12-03,2069.192452788322
GATE_BUYHOLD,2025-12-04,2120.356132100594
GATE_BUYHOLD,2025-12-05,2129.9345976235013
GATE_BUYHOLD,2025-12-08,2132.4083007122595
GATE_BUYHOLD,2025-12-09,2132.6108843149163
GATE_BUYHOLD,2025-12-10,2169.589960747711
GATE_BUYHOLD,2025-12-11,2192.4551575993814
GATE_BUYHOLD,2025-12-12,2121.294783151164
GATE_BUYHOLD,2025-12-15,2078.091778308468
GATE_BUYHOLD,2025-12-16,2093.190687682962
GATE_BUYHOLD,2025-12-17,2019.8487976349209
GATE_BUYHOLD,2025-12-18,2061.9168444801867
GATE_BUYHOLD,2025-12-19,2126.450844994612
GATE_BUYHOLD,2025-12-22,2178.9739346809292
GATE_BUYHOLD,2025-12-23,2183.2145761140655
GATE_BUYHOLD,2025-12-24,2158.0761400513607
GATE_BUYHOLD,2025-12-26,2126.366742389696
GATE_BUYHOLD,2025-12-29,2105.4908468496715
GATE_BUYHOLD,2025-12-30,2113.036590779673
GATE_BUYHOLD,2025-12-31,2088.815321868318
GATE_BUYHOLD,2026-01-02,2127.585141825266
GATE_BUYHOLD,2026-01-05,2175.496698900872
GATE_BUYHOLD,2026-01-06,2213.7867654059246
GATE_BUYHOLD,2026-01-07,2159.1112781399092
GATE_BUYHOLD,2026-01-08,2163.593886755024
GATE_BUYHOLD,2026-01-09,2215.435405703352
GATE_BUYHOLD,2026-01-12,2240.6682920417597
GATE_BUYHOLD,2026-01-13,2228.8353072538034
GATE_BUYHOLD,2026-01-14,2226.7030246775744
GATE_BUYHOLD,2026-01-15,2249.035629100349
GATE_BUYHOLD,2026-01-16,2295.3825876363553
GATE_BUYHOLD,2026-01-20,2243.3326038782566
GATE_BUYHOLD,2026-01-21,2231.4920754886534
GATE_BUYHOLD,2026-01-22,2290.264008755329
GATE_BUYHOLD,2026-01-23,2287.5068916034547
GATE_BUYHOLD,2026-01-26,2250.8542096231076
GATE_BUYHOLD,2026-01-27,2292.476134835556
GATE_BUYHOLD,2026-01-28,2328.1711395563993
GATE_BUYHOLD,2026-01-29,2329.2426121602957
GATE_BUYHOLD,2026-01-30,2259.865067813955
GATE_BUYHOLD,2026-02-02,2217.9298586843793
GATE_BUYHOLD,2026-02-03,2262.936638732055
GATE_BUYHOLD,2026-02-04,2165.2990323766426
GATE_BUYHOLD,2026-02-05,2082.4092955518067
GATE_BUYHOLD,2026-02-06,2185.125705560239
GATE_BUYHOLD,2026-02-09,2219.4007892389373
GATE_BUYHOLD,2026-02-10,2184.278275513034
GATE_BUYHOLD,2026-02-11,2189.9948887280193
GATE_BUYHOLD,2026-02-12,2107.031375415156
GATE_BUYHOLD,2026-02-13,2122.2555130430205
GATE_BUYHOLD,2026-02-17,2116.8657446731654
GATE_BUYHOLD,2026-02-18,2130.0494655111465
GATE_BUYHOLD,2026-02-19,2142.434588434592
GATE_BUYHOLD,2026-02-20,2123.1025840901025
GATE_BUYHOLD,2026-02-23,2129.125772563607
GATE_BUYHOLD,2026-02-24,2136.6243150789187
GATE_BUYHOLD,2026-02-25,2146.1547186676744
GATE_BUYHOLD,2026-02-26,2138.333191392938
GATE_BUYHOLD,2026-02-27,2115.4099830552173
GATE_BUYHOLD,2026-03-02,2165.7924286116595
GATE_BUYHOLD,2026-03-03,2164.309055817627
GATE_BUYHOLD,2026-03-04,2240.985297540336
GATE_BUYHOLD,2026-03-05,2199.3334680683847
GATE_BUYHOLD,2026-03-06,2185.0930781964503
GATE_BUYHOLD,2026-03-09,2204.487460824992
GATE_BUYHOLD,2026-03-10,2193.482919033385
GATE_BUYHOLD,2026-03-11,2197.5096418383328
GATE_BUYHOLD,2026-03-12,2186.8862697542627
GATE_BUYHOLD,2026-03-13,2167.6162550395543
GATE_BUYHOLD,2026-03-16,2190.695335027095
GATE_BUYHOLD,2026-03-17,2214.157880728647
GATE_BUYHOLD,2026-03-18,2176.24582845414
GATE_BUYHOLD,2026-03-19,2174.5461128817096
GATE_BUYHOLD,2026-03-20,2115.8206932637927
GATE_BUYHOLD,2026-03-23,2129.0094917453075
GATE_BUYHOLD,2026-03-24,2115.812181070591
GATE_BUYHOLD,2026-03-25,2164.1735795834506
GATE_BUYHOLD,2026-03-26,2087.2641404785772
GATE_BUYHOLD,2026-03-27,2037.8747263380221
GATE_BUYHOLD,2026-03-30,2001.4559103943864
GATE_BUYHOLD,2026-03-31,2094.0819925543547
GATE_BUYHOLD,2026-04-01,2117.8465119099305
GATE_BUYHOLD,2026-04-02,2157.915925422722
GATE_BUYHOLD,2026-04-06,2172.994651529626
GATE_BUYHOLD,2026-04-07,2173.5956897144697
GATE_BUYHOLD,2026-04-08,2201.268399830308
GATE_BUYHOLD,2026-04-09,2184.3086572001093
GATE_BUYHOLD,2026-04-10,2202.749943073742
GATE_BUYHOLD,2026-04-13,2237.9721278533275
GATE_BUYHOLD,2026-04-14,2223.6810237917903
GATE_BUYHOLD,2026-04-15,2242.505577325715
GATE_BUYHOLD,2026-04-16,2266.8227927586636
GATE_BUYHOLD,2026-04-17,2266.699994256185
GATE_BUYHOLD,2026-04-20,2241.639475886712
GATE_BUYHOLD,2026-04-21,2233.4745667955667
GATE_BUYHOLD,2026-04-22,2290.4886151317405
GATE_BUYHOLD,2026-04-23,2247.6810954449834
GATE_BUYHOLD,2026-04-24,2254.9666356799576
GATE_BUYHOLD,2026-04-27,2256.807557192219
GATE_BUYHOLD,2026-04-28,2211.861290471035
GATE_BUYHOLD,2026-04-29,2206.8792559809162
GATE_BUYHOLD,2026-04-30,2242.566182884765
GATE_BUYHOLD,2026-05-01,2243.953456159372
GATE_BUYHOLD,2026-05-04,2242.8200341949764
GATE_BUYHOLD,2026-05-05,2225.2822307045
GATE_BUYHOLD,2026-05-06,2261.095842667009
GATE_BUYHOLD,2026-05-07,2233.6472501117955
GATE_BUYHOLD,2026-05-08,2293.121371744229
GATE_BUYHOLD,2026-05-11,2341.2221853467545
GATE_BUYHOLD,2026-05-12,2297.0563206452116
GATE_BUYHOLD,2026-05-13,2304.5236675208507
GATE_BUYHOLD,2026-05-14,2362.515381644131
GATE_BUYHOLD,2026-05-15,2329.5594786872825
GATE_BUYHOLD,2026-05-18,2326.764780178526
GATE_BUYHOLD,2026-05-19,2326.772872080487
GATE_BUYHOLD,2026-05-20,2349.293894644
GATE_BUYHOLD,2026-05-21,2366.087884087128
GATE_BUYHOLD,2026-05-22,2407.644899964328
GATE_BUYHOLD,2026-05-26,2478.028822219637
GATE_BUYHOLD,2026-05-27,2498.046114664928
GATE_BUYHOLD,2026-05-28,2539.1949295953564
GATE_BUYHOLD,2026-05-29,2486.858150171638
GATE_BUYHOLD,2026-06-01,2464.3849098955898
GATE_BUYHOLD,2026-06-02,2518.267788199028
GATE_BUYHOLD,2026-06-03,2470.208064851855
GATE_BUYHOLD,2026-06-04,2433.9932498183207
GATE_BUYHOLD,2026-06-05,2289.719734018942
GATE_BUYHOLD,2026-06-08,2320.169637120085
GATE_BUYHOLD,2026-06-09,2280.3167954636306
GATE_BUYHOLD,2026-06-10,2232.9168384753684
GATE_BUYHOLD,2026-06-11,2320.265499847107
GATE_BUYHOLD,2026-06-12,2258.275742358632
GATE_BUYHOLD,2026-06-15,2323.524798485993
GATE_BUYHOLD,2026-06-16,2265.139150245296
GATE_BUYHOLD,2026-06-17,2263.2382598363592
GATE_BUYHOLD,2026-06-18,2273.136187582182
GATE_BUYHOLD,2026-06-22,2223.867715157803
GATE_BUYHOLD,2026-06-23,2169.8470121248783
GATE_BUYHOLD,2026-06-24,2129.162317076218
GATE_BUYHOLD,2026-06-25,2121.91480888639
GATE_BUYHOLD,2026-06-26,2131.8827770089383
GATE_BUYHOLD,2026-06-29,2223.225130478043
GATE_BUYHOLD,2026-06-30,2244.1241671988964
GATE_BUYHOLD,2026-07-01,2223.6859220891733
GATE_BUYHOLD,2026-07-02,2205.5226268611445
GATE_BUYHOLD,2026-07-06,2221.206805902697
GATE_BUYHOLD,2026-07-07,2189.9218213086187
GATE_BUYHOLD,2026-07-08,2202.2005899244373
GATE_BUYHOLD,2026-07-09,2215.4730419121224
GATE_BUYHOLD,2026-07-10,2221.3819107721883
GATE_BUYHOLD,2026-07-13,2176.4455188094234
GATE_BUYHOLD,2026-07-14,2204.9440568087507
GATE_BUYHOLD,2026-07-15,2198.3092849149284
GATE_BUYHOLD,2026-07-16,2121.014132631821
GATE_BUYHOLD,2026-07-17,2120.833981686668
GATE_BUYHOLD,2026-07-20,2123.9827246866
GATE_BUYHOLD,2026-07-21,2177.5777834017904
GATE_BUYHOLD,2026-07-22,2171.763877736506
GATE_BUYHOLD,2026-07-23,2150.641280430116
GATE_BUYHOLD,2026-07-24,2114.9697118663166
GATE_BUYHOLD,2026-07-27,2110.1047500402515
GATE_BUYHOLD,2026-07-28,2071.154313320025
GATE_BUYHOLD,2026-07-29,2035.5905411007707
GATE_BUYHOLD,2026-07-30,2080.9616407649764
GATE_BUYHOLD,2026-07-31,2090.8597756715417
GATE_BUYHOLD,2026-08-03,2122.803985684981
GATE_BUYHOLD,2026-08-04,2222.663940513416
GATE_BUYHOLD,2026-08-05,2216.057810667734
GATE_BUYHOLD,2026-08-06,2217.305392640386
GATE_BUYHOLD,2026-08-07,2274.860359679935
GATE_BUYHOLD,2026-08-10,2274.309270599244
GATE_BUYHOLD,2026-08-11,2283.184816744089
GATE_BUYHOLD,2026-08-12,2299.60461456706
GATE_BUYHOLD,2026-08-13,2303.286224178249
GATE_BUYHOLD,2026-08-14,2280.9970763629804
GATE_BUYHOLD,2026-08-17,2282.1563639874303
GATE_BUYHOLD,2026-08-18,2239.8564121431677
GATE_BUYHOLD,2026-08-19,2246.570890896676
GATE_BUYHOLD,2026-08-20,2228.9625898638164
GATE_BUYHOLD,2026-08-21,2262.8848757879987
GATE_BUYHOLD,2026-08-24,2218.0515388845183
GATE_BUYHOLD,2026-08-25,2212.457096562755
GATE_BUYHOLD,2026-08-26,2202.527575123443
GATE_BUYHOLD,2026-08-27,2251.64817823679
GATE_BUYHOLD,2026-08-28,2212.1386137506797
